company,contact,country,price,item
Makeup Maven,+5787680581,Italy,31061₽,oven
Brow Boosters,+55398735186,Honduras,17993₽,affair
Classy Collections,+40543597292,Libya,93807₽,contribution
Fashion Forward,+3353819253,San Marino,50086₽,advertising
Stylish Silhouettes,+88820161686,Guatemala,47850₽,library
Elegant Ensembles,+16515236605,Estonia,10470₽,indication
Urban Upmarket,+64178039821,Venezuela,22033₽,addition
Sleek Styles,+1319412023,Equatorial Guinea,95228₽,wood
Elegant Ensembles,+51203198868,Dominica,61629₽,context
Urban Upmarket,+95789795755,Honduras,70661₽,emphasis
Classy Collections,+42170244003,South Sudan,68002₽,pizza
Sleek Styles,+38574665488,Yemen,88162₽,community
Salon Suites,+31480391354,Bangladesh,38247₽,context
Fashion Forward,+91632977133,Italy,16178₽,departure
Refined Rags,+64308085722,Turkey,48463₽,departure
Stylish Silhouettes,+94722362693,Malaysia,29912₽,wood
Brow Boosters,+68213610178,Gabon,60166₽,elevator
Chic Couture,+78317533593,Sudan,95095₽,buyer
Clipper Cuts,+34260047302,Andorra,34005₽,cookie
Sleek Styles,+88276656451,Monaco,68963₽,addition
Smart Styles,+56219456867,Uruguay,66599₽,administration
Crisp Creations,+64775134668,Lithuania,95350₽,contract
Posh Patterns,+77587314737,Kyrgyzstan,72187₽,revenue
Modern Maven,+1333271669,Australia,14870₽,language
Urban Upmarket,+42216613231,Vatican City (Holy See),67145₽,agreement
Modish Mannequins,+74216158592,Cambodia,13980₽,height
Haute Hues,+87214519574,Senegal,60148₽,revenue
Haute Hues,+12233881921,Kiribati,30100₽,advertising
Lash Lounge,+26662701665,Greece,79493₽,signature
Chic Boutique,+29122693426,Serbia,69512₽,language
Stellar Stitches,+54350819891,Belarus,80025₽,proposal
Skin Studio,+90577943592,Uruguay,85837₽,sample
Skin Studio,+98555362181,Tonga,50033₽,preparation
Modern Maven,+96336721674,Romania,61423₽,death
Urban Upmarket,+36566173794,France,70828₽,injury
Elegant Ensembles,+34172351376,Jamaica,54556₽,employee
Brow Boosters,+42247735377,Azerbaijan,31756₽,employment
Beauty Bar,+57672808470,Malta,46950₽,steak
Brow Boosters,+31787116568,Monaco,98272₽,death
Sophisticated Sewing,+62245359310,Latvia,11489₽,context
Glow Getter,+98614616465,Ghana,92524₽,nature
Refined Rags,+33205293052,Cuba,10675₽,breath
Brow Boosters,+20392973544,San Marino,88590₽,passenger
Elite Elegance,+10471235753,Macedonia,28313₽,awareness
Chic Boutique,+992172967,Libya,31644₽,tennis
Sleek Styles,+17172491314,Venezuela,60855₽,pizza
Stellar Stitches,+45801529920,Argentina,35882₽,cigarette
Beauty Bar,+63873530116,United Arab Emirates,85903₽,awareness
Classy Collections,+99503216676,Cambodia,71722₽,drama
Fashion Forward,+2325620001,Slovakia,12979₽,contract
Haute Hues,+75748490782,Tunisia,61723₽,departure
Refined Rags,+6714440674,Brunei,51222₽,signature
Skin Studio,+4877796853,Switzerland,85333₽,height
Classy Chic,+50383463705,Kazakhstan,74622₽,county
Body Bliss,+88439950808,Comoros,78370₽,concept
Sleek Styles,+67909616622,Sweden,18781₽,distribution
Elite Elegance,+67165565673,Kyrgyzstan,50092₽,selection
Trendsetting Tailors,+76501315318,Guyana,40793₽,contribution
Modish Mannequins,+7131856973,"Micronesia, Federated States of",45112₽,definition
Fashion Forward,+88443609148,Turkmenistan,55446₽,administration
Fashion Fusion,+69327173747,Saudi Arabia,46985₽,midnight
Stylish Silhouettes,+46143670301,Bhutan,47048₽,buyer
